Overig;;;;;;;;;;
;;;;;;;;;;
Afbeelding;Eigenaar;Naam;Punten;Column2;Column3;Column4;Column5;Column6;Column7;Column8
misc_1.jpg;martijn;;;;;;;;;
misc_2.jpg;Henny;Loopraceauto;;F1 model;;;;;;
misc_3.jpg;Matt;Loopraceauto;;antiek model;;;;;;
misc_4.jpg;Hans;Electrische Raceauto;;afstandsbediening;;;;;;
misc_5.jpg;Frans;Helicopter;;;;;;;;
misc_6.jpg;Frits;Grasmaaier;;;;;;;;
misc_7.jpg;Piet;Soldeer apparaat;;voor electronica;;;;;;
misc_8.jpg;Xander;;;;;;;;;
misc_9.jpg;Truus;;;;;;;;;
misc_10.jpg;Anita;;;;;;;;;
misc_11.jpg;Hanneke;;;;;;;;;
misc_12.jpg;Irene;;;;;;;;;
misc_13.jpg;Carla;;;;;;;;;
misc_14.jpg;Karin;;;;;;;;;
misc_15.jpg;Jessie;;;;;;;;;
misc_16.jpg;;;;;;;;;;
misc_17.jpg;;;;;;;;;;
misc_18.jpg;;;;;;;;;;
misc_19.jpg;;;;;;;;;;
misc_20.jpg;;;;;;;;;;
misc_21.jpg;;;;;;;;;;
misc_22.jpg;;;;;;;;;;
misc_23.jpg;;;;;;;;;;
misc_24.jpg;;;;;;;;;;
misc_25.jpg;;;;;;;;;;
misc_26.jpg;;;;;;;;;;
misc_27.jpg;;;;;;;;;;
misc_28.jpg;;;;;;;;;;
misc_29.jpg;;;;;;;;;;
misc_30.jpg;;;;;;;;;;
misc_31.jpg;;;;;;;;;;
misc_32.jpg;;;;;;;;;;
misc_33.jpg;;;;;;;;;;
misc_34.jpg;;;;;;;;;;
misc_35.jpg;;;;;;;;;;
misc_36.jpg;;;;;;;;;;
misc_37.jpg;;;;;;;;;;
misc_38.jpg;;;;;;;;;;
misc_39.jpg;;;;;;;;;;
misc_40.jpg;;;;;;;;;;
misc_41.jpg;;;;;;;;;;
misc_42.jpg;;;;;;;;;;
misc_43.jpg;;;;;;;;;;
misc_44.jpg;;;;;;;;;;
misc_45.jpg;;;;;;;;;;
misc_46.jpg;;;;;;;;;;
misc_47.jpg;;;;;;;;;;
misc_48.jpg;;;;;;;;;;
misc_49.jpg;;;;;;;;;;
misc_50.jpg;;;;;;;;;;